<!--
   Copyright (c) 2020, WSO2 Inc. (http://www.wso2.org) All Rights Reserved.

   WSO2 Inc. licenses this file to you under the Apache License,
   Version 2.0 (the "License"); you may not use this file except
   in compliance with the License.
   You may obtain a copy of the License at

   http://www.apache.org/licenses/LICENSE-2.0

   Unless required by applicable law or agreed to in writing,
   software distributed under the License is distributed on an
   "AS IS" BASIS, WITHOUT WARRANTIES OR CONDITIONS OF ANY
   KIND, either express or implied. See the License for the
   specific language governing permissions and limitations
   under the License.
-->
<template xmlns="http://ws.apache.org/ns/synapse" name="markAsRead">
    <parameter name="folder" description="Name of the Mailbox folder to retrieve emails from"/>
    <parameter name="emailId" description="Email ID Number of the email to mark as Deleted"/>
    <parameter name="responseVariable" description="The name of the variable to which the response should be stored."/>
    <parameter name="overwriteBody" description="Replace the Message Body in Message Context with the response of the operation."/>
    <sequence>
        <property name="folder" expression="$func:folder"/>
        <property name="emailId" expression="$func:emailId"/>
        <class name="org.wso2.carbon.connector.operations.EmailMarkAsRead" />
    </sequence>
</template>
