{
  "$schema": "http://json-schema.org/draft-07/schema#",
  "type": "object",
  "title": "Output Schema for getAttachment Operation",
  "description": "Output schema for the getAttachment operation in the connector.",
  "properties": {
    "payload": {
      "type": "object",
      "description": "The main response payload from the getBody operation",
      "properties": {
        "base64Encoded": {
          "type": "string",
          "description": "Base64 encoded attachment content"
        }
      },
      "required": ["base64Encoded"],
      "additionalProperties": false,
      "error": {
        "type": "object",
        "description": "Error details if operation failed",
        "properties": {
          "code": {
            "type": "string",
            "description": "Error code"
          },
          "message": {
            "type": "string",
            "description": "Error message"
          },
          "detail": {
            "type": "string",
            "description": "Detailed error information"
          }
        },
        "required": ["code", "message", "detail"],
        "additionalProperties": false
      }
    },
    "additionalProperties": false
  }
}
