{
  "$schema": "http://json-schema.org/draft-07/schema#",
  "type": "object",
  "title": "Output Schema for list Operation",
  "description": "Output schema for the list operation in the connector.",
  "properties": {
    "payload": {
      "type": "object",
      "description": "The main response payload from the list operation",
      "properties": {
        "emails": {
          "type": "array",
          "description": "List of retrieved emails",
          "items": {
            "type": "object",
            "properties": {
              "index": {
                "type": "integer",
                "description": "Index of the email in the list"
              },
              "emailId": {
                "type": "string",
                "description": "Unique identifier for the email"
              },
              "to": {
                "type": "string",
                "description": "Recipient email address"
              },
              "from": {
                "type": "string",
                "description": "Sender email address"
              },
              "cc": {
                "type": "string",
                "description": "Carbon copy recipients"
              },
              "bcc": {
                "type": "string",
                "description": "Blind carbon copy recipients"
              },
              "replyTo": {
                "type": "string",
                "description": "Reply-to email address"
              },
              "subject": {
                "type": "string",
                "description": "Email subject"
              },
              "attachments": {
                "type": "array",
                "description": "Email attachments",
                "items": {
                  "type": "object",
                  "properties": {
                    "index": {
                      "type": "integer",
                      "description": "Index of the attachment"
                    },
                    "name": {
                      "type": "string",
                      "description": "Name of the attachment file"
                    },
                    "contentType": {
                      "type": "string",
                      "description": "MIME type of the attachment"
                    }
                  },
                  "additionalProperties": false
                }
              }
            },
            "additionalProperties": false
          }
        },
        "error": {
          "type": "object",
          "description": "Error details if operation failed",
          "properties": {
            "code": {
              "type": "string",
              "description": "Error code"
            },
            "message": {
              "type": "string",
              "description": "Error message"
            },
            "detail": {
              "type": "string",
              "description": "Detailed error information"
            }
          },
          "required": ["code", "message", "detail"],
          "additionalProperties": false
        }
      },
      "additionalProperties": false
    }
  },
  "required": ["payload"],
  "additionalProperties": false
}
