{
  "$schema": "http://json-schema.org/draft-07/schema#",
  "type": "object",
  "title": "Output Schema for markAsRead Operation",
  "description": "Output schema for the markAsRead operation in the connector.",
  "properties": {
    "payload": {
      "type": "object",
      "description": "The main response payload from the markAsRead operation",
      "properties": {
        "success": {
          "type": "boolean",
          "description": "Indicates whether the operation was successful"
        },
        "error": {
          "type": "object",
          "description": "Error details if operation failed",
          "properties": {
            "code": {
              "type": "string",
              "description": "Error code"
            },
            "message": {
              "type": "string",
              "description": "Error message"
            },
            "detail": {
              "type": "string",
              "description": "Detailed error information"
            }
          },
          "required": ["code", "message", "detail"],
          "additionalProperties": false
        }
      },
      "required": ["success"],
      "additionalProperties": false
    }
  },
  "required": ["payload"],
  "additionalProperties": false
}
