{
  "connectorName": "email",
  "operationName": "send",
  "title": "Send Email",
  "help": "<h1>Send Email</h1> <b>The send operation sends an email.</b><br><br><ul><li><a href=\"https://ei.docs.wso2.com/en/latest/micro-integrator/references/connectors/file-connector/file-connector-config/\"> More Help </a></li></ul>",
  "elements": [
    {
      "type": "attributeGroup",
      "value": {
        "groupName": "General",
        "elements": [
          {
            "type": "attribute",
            "value": {
              "name": "configRef",
              "displayName": "Connection",
              "inputType": "connection",
              "allowedConnectionTypes": ["SMTP", "SMTPS"],
              "defaultType": "connection.smtp",
              "defaultValue": "",
              "required": "true",
              "helpTip": "Connection to be used"
            }
          },
          {
            "type": "attributeGroup",
            "value": {
              "groupName": "Sender & Receiver Information",
              "elements": [
                {
                  "type": "attribute",
                  "value": {
                    "name": "from",
                    "displayName": "From",
                    "inputType": "stringOrExpression",
                    "defaultValue": "",
                    "required": "true",
                    "helpTip": "The 'From' address of the message sender"
                  }
                },
                {
                  "type": "attribute",
                  "value": {
                    "name": "to",
                    "displayName": "To",
                    "inputType": "stringOrExpression",
                    "defaultValue": "",
                    "required": "true",
                    "helpTip": "The recipient addresses of 'To' (primary) type"
                  }
                },
                {
                  "type": "attributeGroup",
                  "value": {
                    "groupName": "Advanced",
                    "elements": [
                      {
                        "type": "attribute",
                        "value": {
                          "name": "personalName",
                          "displayName": "Sender Name",
                          "inputType": "stringOrExpression",
                          "defaultValue": "",
                          "required": "false",
                          "helpTip": "The personal name of the message sender"
                        }
                      },
                      {
                        "type": "attribute",
                        "value": {
                          "name": "cc",
                          "displayName": "CC",
                          "inputType": "stringOrExpression",
                          "defaultValue": "",
                          "required": "false",
                          "helpTip": "The recipient addresses of 'CC' (carbon copy) type"
                        }
                      },
                      {
                        "type": "attribute",
                        "value": {
                          "name": "bcc",
                          "displayName": "BCC",
                          "inputType": "stringOrExpression",
                          "defaultValue": "",
                          "required": "false",
                          "helpTip": "The recipient addresses of 'BCC' (blind carbon copy) type"
                        }
                      },
                      {
                        "type": "attribute",
                        "value": {
                          "name": "replyTo",
                          "displayName": "Reply To",
                          "inputType": "stringOrExpression",
                          "defaultValue": "",
                          "required": "false",
                          "helpTip": "The email addresses to which to reply to this email"
                        }
                      }
                    ]
                  }
                }
              ]
            }
          },
          {
            "type": "attributeGroup",
            "value": {
              "groupName": "Message Details",
              "elements": [
                {
                  "type": "attribute",
                  "value": {
                    "name": "subject",
                    "displayName": "Subject",
                    "inputType": "expressionTextArea",
                    "defaultValue": "",
                    "required": "false",
                    "helpTip": "The subject of the email"
                  }
                },
                {
                  "type": "attribute",
                  "value": {
                    "name": "content",
                    "displayName": "Content",
                    "inputType": "expressionTextArea",
                    "defaultValue": "",
                    "required": "true",
                    "helpTip": "Body of the message in any format"
                  }
                },
                {
                  "type": "attributeGroup",
                  "value": {
                    "groupName": "Advanced",
                    "elements": [
                      {
                        "type": "attribute",
                        "value": {
                          "name": "contentType",
                          "displayName": "Content Type",
                          "inputType": "stringOrExpression",
                          "defaultValue": "text/html",
                          "required": "false",
                          "helpTip": "Content Type of the body"
                        }
                      },
                      {
                        "type": "attribute",
                        "value": {
                          "name": "encoding",
                          "displayName": "Encoding",
                          "inputType": "stringOrExpression",
                          "defaultValue": "UTF-8",
                          "required": "false",
                          "helpTip": "The character encoding of the body"
                        }
                      },
                      {
                        "type": "attribute",
                        "value": {
                          "name": "contentTransferEncoding",
                          "displayName": "Content Transfer Encoding",
                          "inputType": "stringOrExpression",
                          "defaultValue": "Base64",
                          "required": "false",
                          "helpTip": "Encoding used to indicate the type of transformation that is used to represent the body in an acceptable manner for transport"
                        }
                      }
                    ]
                  }
                }
              ]
            }
          },
          {
            "type": "attributeGroup",
            "value": {
              "groupName": "Attachments & Embedded Content",
              "isCollapsed": true,
              "elements": [
                {
                  "type": "attribute",
                  "value": {
                    "name": "attachments",
                    "displayName": "Attachments",
                    "inputType": "stringOrExpression",
                    "defaultValue": "",
                    "required": "false",
                    "helpTip": "Comma separated file paths of the attachments that are sent along with the email body"
                  }
                },
                {
                  "type": "attribute",
                  "value": {
                    "name": "inlineImages",
                    "displayName": "Inline Images",
                    "inputType": "stringOrExpression",
                    "defaultValue": "[]",
                    "required": "false",
                    "helpTip": "Array of comma separated inline images that should be embedded inline to email body"
                  }
                }
              ]
            }
          }
        ]
      }
    },
    {
      "type": "attributeGroup",
      "value": {
        "groupName": "Output",
        "elements": [
          {
            "type": "attribute",
            "value": {
              "name": "responseVariable",
              "displayName": "Output Variable Name",
              "inputType": "string",
              "deriveResponseVariable": "true",
              "required": "true",
              "helpTip": "Name of the variable to which the output of the operation should be assigned"
            }
          },
          {
            "type": "attribute",
            "value": {
              "name": "overwriteBody",
              "displayName": "Overwrite Message Body",
              "inputType": "checkbox",
              "defaultValue": "false",
              "helpTip": "Replace the Message Body in Message Context with the output of the operation (This will remove the payload from the above variable).",
              "required": "false"
            }
          }
        ]
      }
    }
  ]
}
